,,Missing,Overall
n,,,2343429
"ccs_diagnosis_code, n (%)",1,0,514 (0.0)
"ccs_diagnosis_code, n (%)",10,,70 (0.0)
"ccs_diagnosis_code, n (%)",100,,33998 (1.5)
"ccs_diagnosis_code, n (%)",101,,31111 (1.3)
"ccs_diagnosis_code, n (%)",102,,24297 (1.0)
"ccs_diagnosis_code, n (%)",103,,11054 (0.5)
"ccs_diagnosis_code, n (%)",104,,677 (0.0)
"ccs_diagnosis_code, n (%)",105,,4875 (0.2)
"ccs_diagnosis_code, n (%)",106,,42104 (1.8)
"ccs_diagnosis_code, n (%)",107,,1452 (0.1)
"ccs_diagnosis_code, n (%)",108,,49675 (2.1)
"ccs_diagnosis_code, n (%)",109,,36496 (1.6)
"ccs_diagnosis_code, n (%)",11,,2357 (0.1)
"ccs_diagnosis_code, n (%)",110,,4495 (0.2)
"ccs_diagnosis_code, n (%)",111,,1909 (0.1)
"ccs_diagnosis_code, n (%)",112,,8990 (0.4)
"ccs_diagnosis_code, n (%)",113,,7950 (0.3)
"ccs_diagnosis_code, n (%)",114,,8179 (0.3)
"ccs_diagnosis_code, n (%)",115,,5278 (0.2)
"ccs_diagnosis_code, n (%)",116,,1254 (0.1)
"ccs_diagnosis_code, n (%)",117,,6194 (0.3)
"ccs_diagnosis_code, n (%)",118,,7823 (0.3)
"ccs_diagnosis_code, n (%)",119,,527 (0.0)
"ccs_diagnosis_code, n (%)",12,,994 (0.0)
"ccs_diagnosis_code, n (%)",120,,1826 (0.1)
"ccs_diagnosis_code, n (%)",121,,1713 (0.1)
"ccs_diagnosis_code, n (%)",122,,45676 (1.9)
"ccs_diagnosis_code, n (%)",123,,5355 (0.2)
"ccs_diagnosis_code, n (%)",124,,1943 (0.1)
"ccs_diagnosis_code, n (%)",125,,11056 (0.5)
"ccs_diagnosis_code, n (%)",126,,5271 (0.2)
"ccs_diagnosis_code, n (%)",127,,39419 (1.7)
"ccs_diagnosis_code, n (%)",128,,21565 (0.9)
"ccs_diagnosis_code, n (%)",129,,8096 (0.3)
"ccs_diagnosis_code, n (%)",13,,2175 (0.1)
"ccs_diagnosis_code, n (%)",130,,6307 (0.3)
"ccs_diagnosis_code, n (%)",131,,20786 (0.9)
"ccs_diagnosis_code, n (%)",132,,394 (0.0)
"ccs_diagnosis_code, n (%)",133,,6834 (0.3)
"ccs_diagnosis_code, n (%)",134,,2758 (0.1)
"ccs_diagnosis_code, n (%)",135,,13425 (0.6)
"ccs_diagnosis_code, n (%)",136,,1907 (0.1)
"ccs_diagnosis_code, n (%)",137,,1439 (0.1)
"ccs_diagnosis_code, n (%)",138,,7082 (0.3)
"ccs_diagnosis_code, n (%)",139,,2260 (0.1)
"ccs_diagnosis_code, n (%)",14,,5995 (0.3)
"ccs_diagnosis_code, n (%)",140,,5656 (0.2)
"ccs_diagnosis_code, n (%)",141,,3061 (0.1)
"ccs_diagnosis_code, n (%)",142,,14663 (0.6)
"ccs_diagnosis_code, n (%)",143,,12214 (0.5)
"ccs_diagnosis_code, n (%)",144,,7307 (0.3)
"ccs_diagnosis_code, n (%)",145,,18772 (0.8)
"ccs_diagnosis_code, n (%)",146,,19265 (0.8)
"ccs_diagnosis_code, n (%)",147,,3015 (0.1)
"ccs_diagnosis_code, n (%)",148,,1335 (0.1)
"ccs_diagnosis_code, n (%)",149,,24935 (1.1)
"ccs_diagnosis_code, n (%)",15,,2518 (0.1)
"ccs_diagnosis_code, n (%)",151,,7017 (0.3)
"ccs_diagnosis_code, n (%)",152,,16676 (0.7)
"ccs_diagnosis_code, n (%)",153,,22462 (1.0)
"ccs_diagnosis_code, n (%)",154,,9344 (0.4)
"ccs_diagnosis_code, n (%)",155,,13640 (0.6)
"ccs_diagnosis_code, n (%)",156,,769 (0.0)
"ccs_diagnosis_code, n (%)",157,,26364 (1.1)
"ccs_diagnosis_code, n (%)",158,,963 (0.0)
"ccs_diagnosis_code, n (%)",159,,31079 (1.3)
"ccs_diagnosis_code, n (%)",16,,2274 (0.1)
"ccs_diagnosis_code, n (%)",160,,3855 (0.2)
"ccs_diagnosis_code, n (%)",161,,8851 (0.4)
"ccs_diagnosis_code, n (%)",162,,1171 (0.0)
"ccs_diagnosis_code, n (%)",163,,2428 (0.1)
"ccs_diagnosis_code, n (%)",164,,2732 (0.1)
"ccs_diagnosis_code, n (%)",165,,1669 (0.1)
"ccs_diagnosis_code, n (%)",166,,748 (0.0)
"ccs_diagnosis_code, n (%)",167,,1244 (0.1)
"ccs_diagnosis_code, n (%)",168,,1796 (0.1)
"ccs_diagnosis_code, n (%)",169,,1117 (0.0)
"ccs_diagnosis_code, n (%)",17,,2989 (0.1)
"ccs_diagnosis_code, n (%)",170,,2003 (0.1)
"ccs_diagnosis_code, n (%)",171,,887 (0.0)
"ccs_diagnosis_code, n (%)",172,,1288 (0.1)
"ccs_diagnosis_code, n (%)",173,,293 (0.0)
"ccs_diagnosis_code, n (%)",174,,11 (0.0)
"ccs_diagnosis_code, n (%)",175,,2347 (0.1)
"ccs_diagnosis_code, n (%)",176,,13 (0.0)
"ccs_diagnosis_code, n (%)",177,,1535 (0.1)
"ccs_diagnosis_code, n (%)",178,,314 (0.0)
"ccs_diagnosis_code, n (%)",179,,32 (0.0)
"ccs_diagnosis_code, n (%)",18,,1568 (0.1)
"ccs_diagnosis_code, n (%)",180,,1353 (0.1)
"ccs_diagnosis_code, n (%)",181,,23630 (1.0)
"ccs_diagnosis_code, n (%)",182,,3107 (0.1)
"ccs_diagnosis_code, n (%)",183,,15345 (0.7)
"ccs_diagnosis_code, n (%)",184,,9022 (0.4)
"ccs_diagnosis_code, n (%)",185,,30555 (1.3)
"ccs_diagnosis_code, n (%)",186,,7029 (0.3)
"ccs_diagnosis_code, n (%)",187,,7943 (0.3)
"ccs_diagnosis_code, n (%)",188,,1634 (0.1)
"ccs_diagnosis_code, n (%)",189,,27339 (1.2)
"ccs_diagnosis_code, n (%)",19,,9388 (0.4)
"ccs_diagnosis_code, n (%)",190,,9521 (0.4)
"ccs_diagnosis_code, n (%)",191,,28118 (1.2)
"ccs_diagnosis_code, n (%)",192,,8295 (0.4)
"ccs_diagnosis_code, n (%)",193,,24938 (1.1)
"ccs_diagnosis_code, n (%)",194,,49 (0.0)
"ccs_diagnosis_code, n (%)",195,,42987 (1.8)
"ccs_diagnosis_code, n (%)",196,,6536 (0.3)
"ccs_diagnosis_code, n (%)",197,,37389 (1.6)
"ccs_diagnosis_code, n (%)",198,,968 (0.0)
"ccs_diagnosis_code, n (%)",199,,3014 (0.1)
"ccs_diagnosis_code, n (%)",2,,111075 (4.7)
"ccs_diagnosis_code, n (%)",20,,221 (0.0)
"ccs_diagnosis_code, n (%)",200,,1107 (0.0)
"ccs_diagnosis_code, n (%)",201,,6015 (0.3)
"ccs_diagnosis_code, n (%)",202,,934 (0.0)
"ccs_diagnosis_code, n (%)",203,,67235 (2.9)
"ccs_diagnosis_code, n (%)",204,,2616 (0.1)
"ccs_diagnosis_code, n (%)",205,,34803 (1.5)
"ccs_diagnosis_code, n (%)",206,,26 (0.0)
"ccs_diagnosis_code, n (%)",207,,3258 (0.1)
"ccs_diagnosis_code, n (%)",208,,331 (0.0)
"ccs_diagnosis_code, n (%)",209,,4634 (0.2)
"ccs_diagnosis_code, n (%)",21,,1148 (0.0)
"ccs_diagnosis_code, n (%)",210,,2285 (0.1)
"ccs_diagnosis_code, n (%)",211,,8968 (0.4)
"ccs_diagnosis_code, n (%)",212,,3390 (0.1)
"ccs_diagnosis_code, n (%)",213,,3037 (0.1)
"ccs_diagnosis_code, n (%)",214,,1059 (0.0)
"ccs_diagnosis_code, n (%)",215,,666 (0.0)
"ccs_diagnosis_code, n (%)",216,,586 (0.0)
"ccs_diagnosis_code, n (%)",217,,2133 (0.1)
"ccs_diagnosis_code, n (%)",218,,224615 (9.6)
"ccs_diagnosis_code, n (%)",219,,332 (0.0)
"ccs_diagnosis_code, n (%)",22,,176 (0.0)
"ccs_diagnosis_code, n (%)",220,,112 (0.0)
"ccs_diagnosis_code, n (%)",221,,235 (0.0)
"ccs_diagnosis_code, n (%)",222,,2332 (0.1)
"ccs_diagnosis_code, n (%)",223,,37 (0.0)
"ccs_diagnosis_code, n (%)",224,,3312 (0.1)
"ccs_diagnosis_code, n (%)",225,,1443 (0.1)
"ccs_diagnosis_code, n (%)",226,,17656 (0.8)
"ccs_diagnosis_code, n (%)",227,,620 (0.0)
"ccs_diagnosis_code, n (%)",228,,4095 (0.2)
"ccs_diagnosis_code, n (%)",229,,8205 (0.4)
"ccs_diagnosis_code, n (%)",23,,414 (0.0)
"ccs_diagnosis_code, n (%)",230,,13430 (0.6)
"ccs_diagnosis_code, n (%)",231,,13945 (0.6)
"ccs_diagnosis_code, n (%)",232,,1446 (0.1)
"ccs_diagnosis_code, n (%)",233,,12130 (0.5)
"ccs_diagnosis_code, n (%)",234,,4514 (0.2)
"ccs_diagnosis_code, n (%)",235,,2532 (0.1)
"ccs_diagnosis_code, n (%)",236,,2281 (0.1)
"ccs_diagnosis_code, n (%)",237,,35982 (1.5)
"ccs_diagnosis_code, n (%)",238,,31410 (1.3)
"ccs_diagnosis_code, n (%)",239,,2654 (0.1)
"ccs_diagnosis_code, n (%)",24,,5238 (0.2)
"ccs_diagnosis_code, n (%)",240,,1997 (0.1)
"ccs_diagnosis_code, n (%)",241,,1355 (0.1)
"ccs_diagnosis_code, n (%)",242,,4329 (0.2)
"ccs_diagnosis_code, n (%)",243,,939 (0.0)
"ccs_diagnosis_code, n (%)",244,,6197 (0.3)
"ccs_diagnosis_code, n (%)",245,,15353 (0.7)
"ccs_diagnosis_code, n (%)",246,,3144 (0.1)
"ccs_diagnosis_code, n (%)",247,,1009 (0.0)
"ccs_diagnosis_code, n (%)",248,,2204 (0.1)
"ccs_diagnosis_code, n (%)",249,,670 (0.0)
"ccs_diagnosis_code, n (%)",25,,2243 (0.1)
"ccs_diagnosis_code, n (%)",250,,2024 (0.1)
"ccs_diagnosis_code, n (%)",251,,6670 (0.3)
"ccs_diagnosis_code, n (%)",252,,3879 (0.2)
"ccs_diagnosis_code, n (%)",253,,1726 (0.1)
"ccs_diagnosis_code, n (%)",254,,81 (0.0)
"ccs_diagnosis_code, n (%)",255,,180 (0.0)
"ccs_diagnosis_code, n (%)",256,,150 (0.0)
"ccs_diagnosis_code, n (%)",257,,9854 (0.4)
"ccs_diagnosis_code, n (%)",258,,1704 (0.1)
"ccs_diagnosis_code, n (%)",259,,7594 (0.3)
"ccs_diagnosis_code, n (%)",26,,768 (0.0)
"ccs_diagnosis_code, n (%)",27,,1759 (0.1)
"ccs_diagnosis_code, n (%)",28,,418 (0.0)
"ccs_diagnosis_code, n (%)",29,,4500 (0.2)
"ccs_diagnosis_code, n (%)",3,,1680 (0.1)
"ccs_diagnosis_code, n (%)",30,,120 (0.0)
"ccs_diagnosis_code, n (%)",31,,78 (0.0)
"ccs_diagnosis_code, n (%)",32,,2222 (0.1)
"ccs_diagnosis_code, n (%)",33,,3368 (0.1)
"ccs_diagnosis_code, n (%)",34,,274 (0.0)
"ccs_diagnosis_code, n (%)",35,,2943 (0.1)
"ccs_diagnosis_code, n (%)",36,,1232 (0.1)
"ccs_diagnosis_code, n (%)",37,,301 (0.0)
"ccs_diagnosis_code, n (%)",38,,2999 (0.1)
"ccs_diagnosis_code, n (%)",39,,3181 (0.1)
"ccs_diagnosis_code, n (%)",4,,998 (0.0)
"ccs_diagnosis_code, n (%)",40,,1798 (0.1)
"ccs_diagnosis_code, n (%)",41,,630 (0.0)
"ccs_diagnosis_code, n (%)",42,,15822 (0.7)
"ccs_diagnosis_code, n (%)",43,,899 (0.0)
"ccs_diagnosis_code, n (%)",44,,3005 (0.1)
"ccs_diagnosis_code, n (%)",45,,9350 (0.4)
"ccs_diagnosis_code, n (%)",46,,8763 (0.4)
"ccs_diagnosis_code, n (%)",47,,8317 (0.4)
"ccs_diagnosis_code, n (%)",48,,2150 (0.1)
"ccs_diagnosis_code, n (%)",49,,240 (0.0)
"ccs_diagnosis_code, n (%)",5,,2813 (0.1)
"ccs_diagnosis_code, n (%)",50,,35097 (1.5)
"ccs_diagnosis_code, n (%)",51,,3728 (0.2)
"ccs_diagnosis_code, n (%)",52,,841 (0.0)
"ccs_diagnosis_code, n (%)",53,,93 (0.0)
"ccs_diagnosis_code, n (%)",54,,1877 (0.1)
"ccs_diagnosis_code, n (%)",55,,23766 (1.0)
"ccs_diagnosis_code, n (%)",56,,701 (0.0)
"ccs_diagnosis_code, n (%)",57,,683 (0.0)
"ccs_diagnosis_code, n (%)",58,,23992 (1.0)
"ccs_diagnosis_code, n (%)",59,,11121 (0.5)
"ccs_diagnosis_code, n (%)",6,,1283 (0.1)
"ccs_diagnosis_code, n (%)",60,,3479 (0.1)
"ccs_diagnosis_code, n (%)",61,,9488 (0.4)
"ccs_diagnosis_code, n (%)",62,,2681 (0.1)
"ccs_diagnosis_code, n (%)",63,,3870 (0.2)
"ccs_diagnosis_code, n (%)",64,,364 (0.0)
"ccs_diagnosis_code, n (%)",650,,4343 (0.2)
"ccs_diagnosis_code, n (%)",651,,3183 (0.1)
"ccs_diagnosis_code, n (%)",652,,1365 (0.1)
"ccs_diagnosis_code, n (%)",653,,7176 (0.3)
"ccs_diagnosis_code, n (%)",654,,117 (0.0)
"ccs_diagnosis_code, n (%)",655,,469 (0.0)
"ccs_diagnosis_code, n (%)",656,,1101 (0.0)
"ccs_diagnosis_code, n (%)",657,,54227 (2.3)
"ccs_diagnosis_code, n (%)",658,,1244 (0.1)
"ccs_diagnosis_code, n (%)",659,,42468 (1.8)
"ccs_diagnosis_code, n (%)",660,,50459 (2.2)
"ccs_diagnosis_code, n (%)",661,,35973 (1.5)
"ccs_diagnosis_code, n (%)",662,,5061 (0.2)
"ccs_diagnosis_code, n (%)",663,,3 (0.0)
"ccs_diagnosis_code, n (%)",670,,1842 (0.1)
"ccs_diagnosis_code, n (%)",7,,5564 (0.2)
"ccs_diagnosis_code, n (%)",76,,1460 (0.1)
"ccs_diagnosis_code, n (%)",77,,885 (0.0)
"ccs_diagnosis_code, n (%)",78,,580 (0.0)
"ccs_diagnosis_code, n (%)",79,,1744 (0.1)
"ccs_diagnosis_code, n (%)",8,,1175 (0.1)
"ccs_diagnosis_code, n (%)",80,,1951 (0.1)
"ccs_diagnosis_code, n (%)",81,,1601 (0.1)
"ccs_diagnosis_code, n (%)",82,,1272 (0.1)
"ccs_diagnosis_code, n (%)",83,,26144 (1.1)
"ccs_diagnosis_code, n (%)",84,,4578 (0.2)
"ccs_diagnosis_code, n (%)",85,,379 (0.0)
"ccs_diagnosis_code, n (%)",86,,24 (0.0)
"ccs_diagnosis_code, n (%)",87,,336 (0.0)
"ccs_diagnosis_code, n (%)",88,,76 (0.0)
"ccs_diagnosis_code, n (%)",89,,421 (0.0)
"ccs_diagnosis_code, n (%)",9,,316 (0.0)
"ccs_diagnosis_code, n (%)",90,,1159 (0.0)
"ccs_diagnosis_code, n (%)",91,,666 (0.0)
"ccs_diagnosis_code, n (%)",917,,697 (0.0)
"ccs_diagnosis_code, n (%)",92,,785 (0.0)
"ccs_diagnosis_code, n (%)",93,,5177 (0.2)
"ccs_diagnosis_code, n (%)",94,,639 (0.0)
"ccs_diagnosis_code, n (%)",95,,20589 (0.9)
"ccs_diagnosis_code, n (%)",96,,11684 (0.5)
"ccs_diagnosis_code, n (%)",97,,5406 (0.2)
"ccs_diagnosis_code, n (%)",98,,4894 (0.2)
"ccs_diagnosis_code, n (%)",99,,26395 (1.1)
"ccs_diagnosis_code, n (%)",999,,199 (0.0)
"ccs_procedure_code, n (%)",0,0,696951 (29.7)
"ccs_procedure_code, n (%)",1,,5624 (0.2)
"ccs_procedure_code, n (%)",10,,2051 (0.1)
"ccs_procedure_code, n (%)",100,,689 (0.0)
"ccs_procedure_code, n (%)",101,,3936 (0.2)
"ccs_procedure_code, n (%)",102,,5591 (0.2)
"ccs_procedure_code, n (%)",103,,1212 (0.1)
"ccs_procedure_code, n (%)",104,,4561 (0.2)
"ccs_procedure_code, n (%)",105,,1283 (0.1)
"ccs_procedure_code, n (%)",106,,18 (0.0)
"ccs_procedure_code, n (%)",107,,523 (0.0)
"ccs_procedure_code, n (%)",108,,4816 (0.2)
"ccs_procedure_code, n (%)",109,,881 (0.0)
"ccs_procedure_code, n (%)",11,,282 (0.0)
"ccs_procedure_code, n (%)",110,,2336 (0.1)
"ccs_procedure_code, n (%)",111,,3067 (0.1)
"ccs_procedure_code, n (%)",112,,4847 (0.2)
"ccs_procedure_code, n (%)",113,,2246 (0.1)
"ccs_procedure_code, n (%)",114,,4018 (0.2)
"ccs_procedure_code, n (%)",115,,46574 (2.0)
"ccs_procedure_code, n (%)",116,,194 (0.0)
"ccs_procedure_code, n (%)",117,,425 (0.0)
"ccs_procedure_code, n (%)",118,,1148 (0.0)
"ccs_procedure_code, n (%)",119,,1074 (0.0)
"ccs_procedure_code, n (%)",12,,1476 (0.1)
"ccs_procedure_code, n (%)",120,,833 (0.0)
"ccs_procedure_code, n (%)",121,,117 (0.0)
"ccs_procedure_code, n (%)",122,,449 (0.0)
"ccs_procedure_code, n (%)",123,,1668 (0.1)
"ccs_procedure_code, n (%)",124,,12140 (0.5)
"ccs_procedure_code, n (%)",125,,2551 (0.1)
"ccs_procedure_code, n (%)",126,,488 (0.0)
"ccs_procedure_code, n (%)",127,,1875 (0.1)
"ccs_procedure_code, n (%)",128,,444 (0.0)
"ccs_procedure_code, n (%)",129,,39 (0.0)
"ccs_procedure_code, n (%)",13,,23 (0.0)
"ccs_procedure_code, n (%)",130,,557 (0.0)
"ccs_procedure_code, n (%)",131,,2808 (0.1)
"ccs_procedure_code, n (%)",132,,3203 (0.1)
"ccs_procedure_code, n (%)",133,,3449 (0.1)
"ccs_procedure_code, n (%)",134,,72617 (3.1)
"ccs_procedure_code, n (%)",135,,6149 (0.3)
"ccs_procedure_code, n (%)",136,,2608 (0.1)
"ccs_procedure_code, n (%)",137,,110287 (4.7)
"ccs_procedure_code, n (%)",138,,27 (0.0)
"ccs_procedure_code, n (%)",139,,5466 (0.2)
"ccs_procedure_code, n (%)",14,,58 (0.0)
"ccs_procedure_code, n (%)",141,,478 (0.0)
"ccs_procedure_code, n (%)",142,,4029 (0.2)
"ccs_procedure_code, n (%)",144,,2296 (0.1)
"ccs_procedure_code, n (%)",145,,2361 (0.1)
"ccs_procedure_code, n (%)",146,,13851 (0.6)
"ccs_procedure_code, n (%)",147,,8173 (0.3)
"ccs_procedure_code, n (%)",148,,5044 (0.2)
"ccs_procedure_code, n (%)",149,,34 (0.0)
"ccs_procedure_code, n (%)",15,,61 (0.0)
"ccs_procedure_code, n (%)",150,,134 (0.0)
"ccs_procedure_code, n (%)",152,,39347 (1.7)
"ccs_procedure_code, n (%)",153,,32645 (1.4)
"ccs_procedure_code, n (%)",154,,4891 (0.2)
"ccs_procedure_code, n (%)",155,,1290 (0.1)
"ccs_procedure_code, n (%)",156,,1201 (0.1)
"ccs_procedure_code, n (%)",157,,7315 (0.3)
"ccs_procedure_code, n (%)",158,,23414 (1.0)
"ccs_procedure_code, n (%)",159,,5256 (0.2)
"ccs_procedure_code, n (%)",16,,17 (0.0)
"ccs_procedure_code, n (%)",160,,13002 (0.6)
"ccs_procedure_code, n (%)",161,,2825 (0.1)
"ccs_procedure_code, n (%)",162,,5015 (0.2)
"ccs_procedure_code, n (%)",163,,2157 (0.1)
"ccs_procedure_code, n (%)",164,,1230 (0.1)
"ccs_procedure_code, n (%)",165,,432 (0.0)
"ccs_procedure_code, n (%)",166,,632 (0.0)
"ccs_procedure_code, n (%)",167,,2946 (0.1)
"ccs_procedure_code, n (%)",168,,5653 (0.2)
"ccs_procedure_code, n (%)",17,,39 (0.0)
"ccs_procedure_code, n (%)",170,,2150 (0.1)
"ccs_procedure_code, n (%)",171,,11151 (0.5)
"ccs_procedure_code, n (%)",172,,1679 (0.1)
"ccs_procedure_code, n (%)",173,,4272 (0.2)
"ccs_procedure_code, n (%)",174,,7272 (0.3)
"ccs_procedure_code, n (%)",175,,11219 (0.5)
"ccs_procedure_code, n (%)",176,,610 (0.0)
"ccs_procedure_code, n (%)",177,,12184 (0.5)
"ccs_procedure_code, n (%)",178,,1177 (0.1)
"ccs_procedure_code, n (%)",179,,8304 (0.4)
"ccs_procedure_code, n (%)",18,,52 (0.0)
"ccs_procedure_code, n (%)",180,,3450 (0.1)
"ccs_procedure_code, n (%)",181,,84 (0.0)
"ccs_procedure_code, n (%)",182,,6 (0.0)
"ccs_procedure_code, n (%)",183,,2695 (0.1)
"ccs_procedure_code, n (%)",184,,34 (0.0)
"ccs_procedure_code, n (%)",185,,333 (0.0)
"ccs_procedure_code, n (%)",186,,27 (0.0)
"ccs_procedure_code, n (%)",187,,589 (0.0)
"ccs_procedure_code, n (%)",188,,1183 (0.1)
"ccs_procedure_code, n (%)",189,,529 (0.0)
"ccs_procedure_code, n (%)",19,,608 (0.0)
"ccs_procedure_code, n (%)",190,,417 (0.0)
"ccs_procedure_code, n (%)",191,,558 (0.0)
"ccs_procedure_code, n (%)",192,,339 (0.0)
"ccs_procedure_code, n (%)",193,,26713 (1.1)
"ccs_procedure_code, n (%)",194,,258 (0.0)
"ccs_procedure_code, n (%)",195,,957 (0.0)
"ccs_procedure_code, n (%)",196,,1507 (0.1)
"ccs_procedure_code, n (%)",197,,2693 (0.1)
"ccs_procedure_code, n (%)",198,,7461 (0.3)
"ccs_procedure_code, n (%)",199,,15812 (0.7)
"ccs_procedure_code, n (%)",2,,1326 (0.1)
"ccs_procedure_code, n (%)",20,,152 (0.0)
"ccs_procedure_code, n (%)",200,,15 (0.0)
"ccs_procedure_code, n (%)",201,,2606 (0.1)
"ccs_procedure_code, n (%)",202,,5475 (0.2)
"ccs_procedure_code, n (%)",203,,9775 (0.4)
"ccs_procedure_code, n (%)",204,,327 (0.0)
"ccs_procedure_code, n (%)",205,,246 (0.0)
"ccs_procedure_code, n (%)",207,,22 (0.0)
"ccs_procedure_code, n (%)",208,,282 (0.0)
"ccs_procedure_code, n (%)",209,,10 (0.0)
"ccs_procedure_code, n (%)",21,,79 (0.0)
"ccs_procedure_code, n (%)",210,,610 (0.0)
"ccs_procedure_code, n (%)",211,,1778 (0.1)
"ccs_procedure_code, n (%)",212,,1592 (0.1)
"ccs_procedure_code, n (%)",213,,13777 (0.6)
"ccs_procedure_code, n (%)",214,,2748 (0.1)
"ccs_procedure_code, n (%)",215,,2435 (0.1)
"ccs_procedure_code, n (%)",216,,71616 (3.1)
"ccs_procedure_code, n (%)",217,,3658 (0.2)
"ccs_procedure_code, n (%)",218,,50991 (2.2)
"ccs_procedure_code, n (%)",219,,59688 (2.5)
"ccs_procedure_code, n (%)",22,,9 (0.0)
"ccs_procedure_code, n (%)",220,,40124 (1.7)
"ccs_procedure_code, n (%)",221,,5019 (0.2)
"ccs_procedure_code, n (%)",222,,40130 (1.7)
"ccs_procedure_code, n (%)",223,,7848 (0.3)
"ccs_procedure_code, n (%)",224,,10193 (0.4)
"ccs_procedure_code, n (%)",225,,4315 (0.2)
"ccs_procedure_code, n (%)",226,,1830 (0.1)
"ccs_procedure_code, n (%)",227,,4034 (0.2)
"ccs_procedure_code, n (%)",228,,67692 (2.9)
"ccs_procedure_code, n (%)",229,,1512 (0.1)
"ccs_procedure_code, n (%)",23,,124 (0.0)
"ccs_procedure_code, n (%)",230,,1 (0.0)
"ccs_procedure_code, n (%)",231,,154778 (6.6)
"ccs_procedure_code, n (%)",24,,34 (0.0)
"ccs_procedure_code, n (%)",25,,416 (0.0)
"ccs_procedure_code, n (%)",26,,1265 (0.1)
"ccs_procedure_code, n (%)",27,,601 (0.0)
"ccs_procedure_code, n (%)",28,,32 (0.0)
"ccs_procedure_code, n (%)",29,,628 (0.0)
"ccs_procedure_code, n (%)",3,,4579 (0.2)
"ccs_procedure_code, n (%)",30,,1015 (0.0)
"ccs_procedure_code, n (%)",31,,2069 (0.1)
"ccs_procedure_code, n (%)",32,,1031 (0.0)
"ccs_procedure_code, n (%)",33,,2976 (0.1)
"ccs_procedure_code, n (%)",34,,3747 (0.2)
"ccs_procedure_code, n (%)",35,,310 (0.0)
"ccs_procedure_code, n (%)",36,,5164 (0.2)
"ccs_procedure_code, n (%)",37,,6265 (0.3)
"ccs_procedure_code, n (%)",38,,181 (0.0)
"ccs_procedure_code, n (%)",39,,2923 (0.1)
"ccs_procedure_code, n (%)",4,,10516 (0.4)
"ccs_procedure_code, n (%)",40,,4390 (0.2)
"ccs_procedure_code, n (%)",41,,17952 (0.8)
"ccs_procedure_code, n (%)",42,,3479 (0.1)
"ccs_procedure_code, n (%)",43,,11019 (0.5)
"ccs_procedure_code, n (%)",44,,8259 (0.4)
"ccs_procedure_code, n (%)",45,,23599 (1.0)
"ccs_procedure_code, n (%)",46,,8 (0.0)
"ccs_procedure_code, n (%)",47,,31025 (1.3)
"ccs_procedure_code, n (%)",48,,11431 (0.5)
"ccs_procedure_code, n (%)",49,,8296 (0.4)
"ccs_procedure_code, n (%)",5,,1474 (0.1)
"ccs_procedure_code, n (%)",50,,607 (0.0)
"ccs_procedure_code, n (%)",51,,4466 (0.2)
"ccs_procedure_code, n (%)",52,,185 (0.0)
"ccs_procedure_code, n (%)",53,,10 (0.0)
"ccs_procedure_code, n (%)",54,,26590 (1.1)
"ccs_procedure_code, n (%)",55,,5206 (0.2)
"ccs_procedure_code, n (%)",56,,412 (0.0)
"ccs_procedure_code, n (%)",58,,25652 (1.1)
"ccs_procedure_code, n (%)",59,,3129 (0.1)
"ccs_procedure_code, n (%)",6,,3118 (0.1)
"ccs_procedure_code, n (%)",60,,2060 (0.1)
"ccs_procedure_code, n (%)",61,,17656 (0.8)
"ccs_procedure_code, n (%)",62,,1417 (0.1)
"ccs_procedure_code, n (%)",63,,2541 (0.1)
"ccs_procedure_code, n (%)",64,,1471 (0.1)
"ccs_procedure_code, n (%)",65,,2322 (0.1)
"ccs_procedure_code, n (%)",66,,504 (0.0)
"ccs_procedure_code, n (%)",67,,4198 (0.2)
"ccs_procedure_code, n (%)",69,,753 (0.0)
"ccs_procedure_code, n (%)",7,,1691 (0.1)
"ccs_procedure_code, n (%)",70,,19383 (0.8)
"ccs_procedure_code, n (%)",71,,3749 (0.2)
"ccs_procedure_code, n (%)",72,,1072 (0.0)
"ccs_procedure_code, n (%)",73,,997 (0.0)
"ccs_procedure_code, n (%)",74,,14767 (0.6)
"ccs_procedure_code, n (%)",75,,534 (0.0)
"ccs_procedure_code, n (%)",76,,5114 (0.2)
"ccs_procedure_code, n (%)",77,,1317 (0.1)
"ccs_procedure_code, n (%)",78,,9291 (0.4)
"ccs_procedure_code, n (%)",79,,2268 (0.1)
"ccs_procedure_code, n (%)",8,,1289 (0.1)
"ccs_procedure_code, n (%)",80,,12976 (0.6)
"ccs_procedure_code, n (%)",81,,217 (0.0)
"ccs_procedure_code, n (%)",82,,168 (0.0)
"ccs_procedure_code, n (%)",83,,2170 (0.1)
"ccs_procedure_code, n (%)",84,,16811 (0.7)
"ccs_procedure_code, n (%)",85,,2189 (0.1)
"ccs_procedure_code, n (%)",86,,1489 (0.1)
"ccs_procedure_code, n (%)",87,,227 (0.0)
"ccs_procedure_code, n (%)",88,,1351 (0.1)
"ccs_procedure_code, n (%)",89,,199 (0.0)
"ccs_procedure_code, n (%)",9,,6086 (0.3)
"ccs_procedure_code, n (%)",90,,3216 (0.1)
"ccs_procedure_code, n (%)",91,,737 (0.0)
"ccs_procedure_code, n (%)",92,,16984 (0.7)
"ccs_procedure_code, n (%)",93,,3162 (0.1)
"ccs_procedure_code, n (%)",94,,12062 (0.5)
"ccs_procedure_code, n (%)",95,,2663 (0.1)
"ccs_procedure_code, n (%)",96,,10317 (0.4)
"ccs_procedure_code, n (%)",97,,3882 (0.2)
"ccs_procedure_code, n (%)",98,,7816 (0.3)
"ccs_procedure_code, n (%)",99,,7035 (0.3)
"ccs_procedure_code, n (%)",999,,632 (0.0)
"apr_drg_code, n (%)",1,0,387 (0.0)
"apr_drg_code, n (%)",110,,656 (0.0)
"apr_drg_code, n (%)",111,,5146 (0.2)
"apr_drg_code, n (%)",113,,10128 (0.4)
"apr_drg_code, n (%)",114,,2348 (0.1)
"apr_drg_code, n (%)",115,,3952 (0.2)
"apr_drg_code, n (%)",120,,5850 (0.2)
"apr_drg_code, n (%)",121,,4226 (0.2)
"apr_drg_code, n (%)",130,,3369 (0.1)
"apr_drg_code, n (%)",131,,828 (0.0)
"apr_drg_code, n (%)",132,,464 (0.0)
"apr_drg_code, n (%)",133,,17173 (0.7)
"apr_drg_code, n (%)",134,,9711 (0.4)
"apr_drg_code, n (%)",135,,3995 (0.2)
"apr_drg_code, n (%)",136,,6239 (0.3)
"apr_drg_code, n (%)",137,,11916 (0.5)
"apr_drg_code, n (%)",138,,8448 (0.4)
"apr_drg_code, n (%)",139,,40890 (1.7)
"apr_drg_code, n (%)",140,,38023 (1.6)
"apr_drg_code, n (%)",141,,21322 (0.9)
"apr_drg_code, n (%)",142,,2040 (0.1)
"apr_drg_code, n (%)",143,,6459 (0.3)
"apr_drg_code, n (%)",144,,7911 (0.3)
"apr_drg_code, n (%)",160,,250 (0.0)
"apr_drg_code, n (%)",161,,3744 (0.2)
"apr_drg_code, n (%)",162,,1909 (0.1)
"apr_drg_code, n (%)",163,,4519 (0.2)
"apr_drg_code, n (%)",165,,4587 (0.2)
"apr_drg_code, n (%)",166,,3962 (0.2)
"apr_drg_code, n (%)",167,,3741 (0.2)
"apr_drg_code, n (%)",169,,3001 (0.1)
"apr_drg_code, n (%)",170,,266 (0.0)
"apr_drg_code, n (%)",171,,5736 (0.2)
"apr_drg_code, n (%)",173,,15303 (0.7)
"apr_drg_code, n (%)",174,,13910 (0.6)
"apr_drg_code, n (%)",175,,22261 (0.9)
"apr_drg_code, n (%)",176,,1235 (0.1)
"apr_drg_code, n (%)",177,,466 (0.0)
"apr_drg_code, n (%)",180,,1882 (0.1)
"apr_drg_code, n (%)",190,,16609 (0.7)
"apr_drg_code, n (%)",191,,9888 (0.4)
"apr_drg_code, n (%)",192,,9538 (0.4)
"apr_drg_code, n (%)",193,,605 (0.0)
"apr_drg_code, n (%)",194,,56708 (2.4)
"apr_drg_code, n (%)",196,,1051 (0.0)
"apr_drg_code, n (%)",197,,11912 (0.5)
"apr_drg_code, n (%)",198,,14314 (0.6)
"apr_drg_code, n (%)",199,,7004 (0.3)
"apr_drg_code, n (%)",2,,230 (0.0)
"apr_drg_code, n (%)",20,,1106 (0.0)
"apr_drg_code, n (%)",200,,1439 (0.1)
"apr_drg_code, n (%)",201,,32472 (1.4)
"apr_drg_code, n (%)",203,,13969 (0.6)
"apr_drg_code, n (%)",204,,18041 (0.8)
"apr_drg_code, n (%)",205,,405 (0.0)
"apr_drg_code, n (%)",206,,2725 (0.1)
"apr_drg_code, n (%)",207,,6404 (0.3)
"apr_drg_code, n (%)",21,,8445 (0.4)
"apr_drg_code, n (%)",22,,1260 (0.1)
"apr_drg_code, n (%)",220,,5784 (0.2)
"apr_drg_code, n (%)",221,,19248 (0.8)
"apr_drg_code, n (%)",222,,2845 (0.1)
"apr_drg_code, n (%)",223,,5499 (0.2)
"apr_drg_code, n (%)",224,,1916 (0.1)
"apr_drg_code, n (%)",225,,12223 (0.5)
"apr_drg_code, n (%)",226,,1159 (0.0)
"apr_drg_code, n (%)",227,,5602 (0.2)
"apr_drg_code, n (%)",228,,2236 (0.1)
"apr_drg_code, n (%)",229,,3515 (0.1)
"apr_drg_code, n (%)",23,,4254 (0.2)
"apr_drg_code, n (%)",24,,6622 (0.3)
"apr_drg_code, n (%)",240,,5693 (0.2)
"apr_drg_code, n (%)",241,,12063 (0.5)
"apr_drg_code, n (%)",242,,1145 (0.0)
"apr_drg_code, n (%)",243,,5204 (0.2)
"apr_drg_code, n (%)",244,,14840 (0.6)
"apr_drg_code, n (%)",245,,5861 (0.3)
"apr_drg_code, n (%)",246,,1951 (0.1)
"apr_drg_code, n (%)",247,,14072 (0.6)
"apr_drg_code, n (%)",248,,8293 (0.4)
"apr_drg_code, n (%)",249,,20818 (0.9)
"apr_drg_code, n (%)",251,,6352 (0.3)
"apr_drg_code, n (%)",252,,3598 (0.2)
"apr_drg_code, n (%)",253,,15040 (0.6)
"apr_drg_code, n (%)",254,,19128 (0.8)
"apr_drg_code, n (%)",26,,1397 (0.1)
"apr_drg_code, n (%)",260,,2848 (0.1)
"apr_drg_code, n (%)",261,,1850 (0.1)
"apr_drg_code, n (%)",262,,1237 (0.1)
"apr_drg_code, n (%)",263,,14674 (0.6)
"apr_drg_code, n (%)",264,,3974 (0.2)
"apr_drg_code, n (%)",279,,3809 (0.2)
"apr_drg_code, n (%)",280,,3400 (0.1)
"apr_drg_code, n (%)",281,,4554 (0.2)
"apr_drg_code, n (%)",282,,14345 (0.6)
"apr_drg_code, n (%)",283,,3380 (0.1)
"apr_drg_code, n (%)",284,,8568 (0.4)
"apr_drg_code, n (%)",3,,1624 (0.1)
"apr_drg_code, n (%)",301,,32888 (1.4)
"apr_drg_code, n (%)",302,,39824 (1.7)
"apr_drg_code, n (%)",303,,1658 (0.1)
"apr_drg_code, n (%)",304,,13531 (0.6)
"apr_drg_code, n (%)",305,,3052 (0.1)
"apr_drg_code, n (%)",308,,11702 (0.5)
"apr_drg_code, n (%)",309,,2610 (0.1)
"apr_drg_code, n (%)",310,,5338 (0.2)
"apr_drg_code, n (%)",312,,753 (0.0)
"apr_drg_code, n (%)",313,,8699 (0.4)
"apr_drg_code, n (%)",314,,4659 (0.2)
"apr_drg_code, n (%)",315,,8692 (0.4)
"apr_drg_code, n (%)",316,,1253 (0.1)
"apr_drg_code, n (%)",317,,2639 (0.1)
"apr_drg_code, n (%)",320,,4385 (0.2)
"apr_drg_code, n (%)",321,,8506 (0.4)
"apr_drg_code, n (%)",340,,2187 (0.1)
"apr_drg_code, n (%)",341,,2731 (0.1)
"apr_drg_code, n (%)",342,,6256 (0.3)
"apr_drg_code, n (%)",343,,2620 (0.1)
"apr_drg_code, n (%)",344,,4443 (0.2)
"apr_drg_code, n (%)",346,,3459 (0.1)
"apr_drg_code, n (%)",347,,14149 (0.6)
"apr_drg_code, n (%)",349,,1937 (0.1)
"apr_drg_code, n (%)",351,,15136 (0.6)
"apr_drg_code, n (%)",361,,2338 (0.1)
"apr_drg_code, n (%)",362,,3488 (0.1)
"apr_drg_code, n (%)",363,,1747 (0.1)
"apr_drg_code, n (%)",364,,5149 (0.2)
"apr_drg_code, n (%)",380,,3933 (0.2)
"apr_drg_code, n (%)",381,,1085 (0.0)
"apr_drg_code, n (%)",382,,886 (0.0)
"apr_drg_code, n (%)",383,,33235 (1.4)
"apr_drg_code, n (%)",384,,4177 (0.2)
"apr_drg_code, n (%)",385,,3527 (0.2)
"apr_drg_code, n (%)",4,,4010 (0.2)
"apr_drg_code, n (%)",40,,1082 (0.0)
"apr_drg_code, n (%)",401,,1252 (0.1)
"apr_drg_code, n (%)",403,,18078 (0.8)
"apr_drg_code, n (%)",404,,2283 (0.1)
"apr_drg_code, n (%)",405,,499 (0.0)
"apr_drg_code, n (%)",41,,3783 (0.2)
"apr_drg_code, n (%)",42,,6067 (0.3)
"apr_drg_code, n (%)",420,,20767 (0.9)
"apr_drg_code, n (%)",421,,3701 (0.2)
"apr_drg_code, n (%)",422,,11077 (0.5)
"apr_drg_code, n (%)",423,,549 (0.0)
"apr_drg_code, n (%)",424,,5102 (0.2)
"apr_drg_code, n (%)",425,,11188 (0.5)
"apr_drg_code, n (%)",43,,2362 (0.1)
"apr_drg_code, n (%)",44,,5233 (0.2)
"apr_drg_code, n (%)",440,,1252 (0.1)
"apr_drg_code, n (%)",441,,1384 (0.1)
"apr_drg_code, n (%)",442,,3255 (0.1)
"apr_drg_code, n (%)",443,,6606 (0.3)
"apr_drg_code, n (%)",444,,1052 (0.0)
"apr_drg_code, n (%)",445,,375 (0.0)
"apr_drg_code, n (%)",446,,3434 (0.1)
"apr_drg_code, n (%)",447,,1118 (0.0)
"apr_drg_code, n (%)",45,,25731 (1.1)
"apr_drg_code, n (%)",46,,909 (0.0)
"apr_drg_code, n (%)",460,,29118 (1.2)
"apr_drg_code, n (%)",461,,998 (0.0)
"apr_drg_code, n (%)",462,,664 (0.0)
"apr_drg_code, n (%)",463,,29801 (1.3)
"apr_drg_code, n (%)",465,,6387 (0.3)
"apr_drg_code, n (%)",466,,8383 (0.4)
"apr_drg_code, n (%)",468,,6601 (0.3)
"apr_drg_code, n (%)",47,,8690 (0.4)
"apr_drg_code, n (%)",48,,5592 (0.2)
"apr_drg_code, n (%)",480,,2665 (0.1)
"apr_drg_code, n (%)",481,,546 (0.0)
"apr_drg_code, n (%)",482,,1957 (0.1)
"apr_drg_code, n (%)",483,,470 (0.0)
"apr_drg_code, n (%)",484,,1464 (0.1)
"apr_drg_code, n (%)",49,,924 (0.0)
"apr_drg_code, n (%)",5,,2096 (0.1)
"apr_drg_code, n (%)",50,,1361 (0.1)
"apr_drg_code, n (%)",500,,670 (0.0)
"apr_drg_code, n (%)",501,,2551 (0.1)
"apr_drg_code, n (%)",51,,675 (0.0)
"apr_drg_code, n (%)",510,,470 (0.0)
"apr_drg_code, n (%)",511,,1031 (0.0)
"apr_drg_code, n (%)",512,,1596 (0.1)
"apr_drg_code, n (%)",513,,6623 (0.3)
"apr_drg_code, n (%)",514,,619 (0.0)
"apr_drg_code, n (%)",517,,545 (0.0)
"apr_drg_code, n (%)",518,,1122 (0.0)
"apr_drg_code, n (%)",519,,8116 (0.3)
"apr_drg_code, n (%)",52,,5667 (0.2)
"apr_drg_code, n (%)",53,,25290 (1.1)
"apr_drg_code, n (%)",530,,1368 (0.1)
"apr_drg_code, n (%)",531,,1546 (0.1)
"apr_drg_code, n (%)",532,,2057 (0.1)
"apr_drg_code, n (%)",54,,4859 (0.2)
"apr_drg_code, n (%)",540,,74561 (3.2)
"apr_drg_code, n (%)",541,,3331 (0.1)
"apr_drg_code, n (%)",542,,4913 (0.2)
"apr_drg_code, n (%)",544,,1722 (0.1)
"apr_drg_code, n (%)",545,,1153 (0.0)
"apr_drg_code, n (%)",546,,729 (0.0)
"apr_drg_code, n (%)",55,,6403 (0.3)
"apr_drg_code, n (%)",56,,176 (0.0)
"apr_drg_code, n (%)",560,,142275 (6.1)
"apr_drg_code, n (%)",561,,3470 (0.1)
"apr_drg_code, n (%)",563,,2146 (0.1)
"apr_drg_code, n (%)",564,,630 (0.0)
"apr_drg_code, n (%)",565,,696 (0.0)
"apr_drg_code, n (%)",566,,13540 (0.6)
"apr_drg_code, n (%)",57,,2495 (0.1)
"apr_drg_code, n (%)",58,,16957 (0.7)
"apr_drg_code, n (%)",580,,53 (0.0)
"apr_drg_code, n (%)",581,,1548 (0.1)
"apr_drg_code, n (%)",583,,46 (0.0)
"apr_drg_code, n (%)",588,,209 (0.0)
"apr_drg_code, n (%)",589,,358 (0.0)
"apr_drg_code, n (%)",591,,315 (0.0)
"apr_drg_code, n (%)",593,,578 (0.0)
"apr_drg_code, n (%)",6,,47 (0.0)
"apr_drg_code, n (%)",602,,583 (0.0)
"apr_drg_code, n (%)",603,,138 (0.0)
"apr_drg_code, n (%)",607,,597 (0.0)
"apr_drg_code, n (%)",608,,271 (0.0)
"apr_drg_code, n (%)",609,,157 (0.0)
"apr_drg_code, n (%)",611,,439 (0.0)
"apr_drg_code, n (%)",612,,885 (0.0)
"apr_drg_code, n (%)",613,,127 (0.0)
"apr_drg_code, n (%)",614,,2019 (0.1)
"apr_drg_code, n (%)",621,,604 (0.0)
"apr_drg_code, n (%)",622,,945 (0.0)
"apr_drg_code, n (%)",623,,230 (0.0)
"apr_drg_code, n (%)",625,,1245 (0.1)
"apr_drg_code, n (%)",626,,8564 (0.4)
"apr_drg_code, n (%)",630,,204 (0.0)
"apr_drg_code, n (%)",631,,302 (0.0)
"apr_drg_code, n (%)",633,,3835 (0.2)
"apr_drg_code, n (%)",634,,2502 (0.1)
"apr_drg_code, n (%)",636,,1650 (0.1)
"apr_drg_code, n (%)",639,,5863 (0.3)
"apr_drg_code, n (%)",640,,195238 (8.3)
"apr_drg_code, n (%)",650,,272 (0.0)
"apr_drg_code, n (%)",651,,581 (0.0)
"apr_drg_code, n (%)",660,,5876 (0.3)
"apr_drg_code, n (%)",661,,2412 (0.1)
"apr_drg_code, n (%)",662,,8868 (0.4)
"apr_drg_code, n (%)",663,,14281 (0.6)
"apr_drg_code, n (%)",680,,1275 (0.1)
"apr_drg_code, n (%)",681,,2696 (0.1)
"apr_drg_code, n (%)",690,,1666 (0.1)
"apr_drg_code, n (%)",691,,3492 (0.1)
"apr_drg_code, n (%)",692,,218 (0.0)
"apr_drg_code, n (%)",693,,8818 (0.4)
"apr_drg_code, n (%)",694,,2209 (0.1)
"apr_drg_code, n (%)",70,,312 (0.0)
"apr_drg_code, n (%)",710,,16547 (0.7)
"apr_drg_code, n (%)",711,,3956 (0.2)
"apr_drg_code, n (%)",720,,93349 (4.0)
"apr_drg_code, n (%)",721,,7152 (0.3)
"apr_drg_code, n (%)",722,,3724 (0.2)
"apr_drg_code, n (%)",723,,4696 (0.2)
"apr_drg_code, n (%)",724,,3018 (0.1)
"apr_drg_code, n (%)",73,,510 (0.0)
"apr_drg_code, n (%)",740,,383 (0.0)
"apr_drg_code, n (%)",750,,36329 (1.6)
"apr_drg_code, n (%)",751,,23541 (1.0)
"apr_drg_code, n (%)",752,,1309 (0.1)
"apr_drg_code, n (%)",753,,25429 (1.1)
"apr_drg_code, n (%)",754,,11799 (0.5)
"apr_drg_code, n (%)",755,,4350 (0.2)
"apr_drg_code, n (%)",756,,3244 (0.1)
"apr_drg_code, n (%)",757,,4912 (0.2)
"apr_drg_code, n (%)",758,,2451 (0.1)
"apr_drg_code, n (%)",759,,419 (0.0)
"apr_drg_code, n (%)",760,,881 (0.0)
"apr_drg_code, n (%)",770,,13496 (0.6)
"apr_drg_code, n (%)",772,,17420 (0.7)
"apr_drg_code, n (%)",773,,15937 (0.7)
"apr_drg_code, n (%)",774,,4906 (0.2)
"apr_drg_code, n (%)",775,,22151 (0.9)
"apr_drg_code, n (%)",776,,1886 (0.1)
"apr_drg_code, n (%)",791,,3237 (0.1)
"apr_drg_code, n (%)",80,,577 (0.0)
"apr_drg_code, n (%)",811,,1918 (0.1)
"apr_drg_code, n (%)",812,,10500 (0.4)
"apr_drg_code, n (%)",813,,4684 (0.2)
"apr_drg_code, n (%)",815,,986 (0.0)
"apr_drg_code, n (%)",816,,4182 (0.2)
"apr_drg_code, n (%)",82,,2118 (0.1)
"apr_drg_code, n (%)",841,,47 (0.0)
"apr_drg_code, n (%)",842,,493 (0.0)
"apr_drg_code, n (%)",843,,261 (0.0)
"apr_drg_code, n (%)",844,,1068 (0.0)
"apr_drg_code, n (%)",850,,2415 (0.1)
"apr_drg_code, n (%)",860,,8631 (0.4)
"apr_drg_code, n (%)",861,,12638 (0.5)
"apr_drg_code, n (%)",862,,6918 (0.3)
"apr_drg_code, n (%)",863,,99 (0.0)
"apr_drg_code, n (%)",89,,1295 (0.1)
"apr_drg_code, n (%)",890,,2158 (0.1)
"apr_drg_code, n (%)",892,,2291 (0.1)
"apr_drg_code, n (%)",893,,619 (0.0)
"apr_drg_code, n (%)",894,,1346 (0.1)
"apr_drg_code, n (%)",90,,313 (0.0)
"apr_drg_code, n (%)",91,,609 (0.0)
"apr_drg_code, n (%)",910,,186 (0.0)
"apr_drg_code, n (%)",911,,598 (0.0)
"apr_drg_code, n (%)",912,,1889 (0.1)
"apr_drg_code, n (%)",92,,1784 (0.1)
"apr_drg_code, n (%)",93,,281 (0.0)
"apr_drg_code, n (%)",930,,1889 (0.1)
"apr_drg_code, n (%)",95,,46 (0.0)
"apr_drg_code, n (%)",950,,7148 (0.3)
"apr_drg_code, n (%)",951,,10115 (0.4)
"apr_drg_code, n (%)",952,,3995 (0.2)
"apr_drg_code, n (%)",955,,53 (0.0)
"apr_drg_code, n (%)",956,,14 (0.0)
"apr_drg_code, n (%)",97,,1724 (0.1)
"apr_drg_code, n (%)",98,,2442 (0.1)
"apr_mdc_code, n (%)",0,0,14 (0.0)
"apr_mdc_code, n (%)",1,,151206 (6.5)
"apr_mdc_code, n (%)",10,,75854 (3.2)
"apr_mdc_code, n (%)",11,,102730 (4.4)
"apr_mdc_code, n (%)",12,,10436 (0.4)
"apr_mdc_code, n (%)",13,,25283 (1.1)
"apr_mdc_code, n (%)",14,,250210 (10.7)
"apr_mdc_code, n (%)",15,,229534 (9.8)
"apr_mdc_code, n (%)",16,,33149 (1.4)
"apr_mdc_code, n (%)",17,,21848 (0.9)
"apr_mdc_code, n (%)",18,,134120 (5.7)
"apr_mdc_code, n (%)",19,,115050 (4.9)
"apr_mdc_code, n (%)",2,,3595 (0.2)
"apr_mdc_code, n (%)",20,,76019 (3.2)
"apr_mdc_code, n (%)",21,,26676 (1.1)
"apr_mdc_code, n (%)",22,,1892 (0.1)
"apr_mdc_code, n (%)",23,,30709 (1.3)
"apr_mdc_code, n (%)",24,,6436 (0.3)
"apr_mdc_code, n (%)",25,,4562 (0.2)
"apr_mdc_code, n (%)",3,,31269 (1.3)
"apr_mdc_code, n (%)",4,,193933 (8.3)
"apr_mdc_code, n (%)",5,,293156 (12.5)
"apr_mdc_code, n (%)",6,,195919 (8.4)
"apr_mdc_code, n (%)",7,,64793 (2.8)
"apr_mdc_code, n (%)",8,,204509 (8.7)
"apr_mdc_code, n (%)",9,,60527 (2.6)
"apr_severity_of_illness_code, n (%)",0,0,67 (0.0)
"apr_severity_of_illness_code, n (%)",1,,774579 (33.1)
"apr_severity_of_illness_code, n (%)",2,,888951 (37.9)
"apr_severity_of_illness_code, n (%)",3,,527932 (22.5)
"apr_severity_of_illness_code, n (%)",4,,151900 (6.5)
